{
  "type": "minecraft:chest",
  "random_sequence": "repurposed_structures:chests",
  "pools": [
    {
      "rolls": {
        "min": 1.0,
        "max": 3.0,
        "type": "minecraft:uniform"
      },
      "entries": [
        {
          "name": "minecraft:saddle",
          "type": "minecraft:item",
          "weight": 20
        },
        {
          "name": "minecraft:golden_apple",
          "type": "minecraft:item",
          "weight": 15
        },
        {
          "name": "minecraft:enchanted_golden_apple",
          "type": "minecraft:item",
          "weight": 2
        },
        {
          "name": "minecraft:name_tag",
          "type": "minecraft:item",
          "weight": 20
        },
        {
          "name": "minecraft:golden_horse_armor",
          "type": "minecraft:item",
          "weight": 10
        },
        {
          "name": "minecraft:iron_horse_armor",
          "type": "minecraft:item",
          "weight": 15
        },
        {
          "name": "minecraft:diamond_horse_armor",
          "type": "minecraft:item",
          "weight": 5
        },
        {
          "name": "minecraft:iron_axe",
          "type": "minecraft:item",
          "weight": 5
        },
        {
          "type": "minecraft:item",
          "weight": 2,
          "name": "minecraft:music_disc_otherside"
        },
        {
          "name": "minecraft:diamond_axe",
          "type": "minecraft:item",
          "weight": 1
        },
        {
          "name": "minecraft:totem_of_undying",
          "type": "minecraft:item",
          "weight": 1
        },
        {
          "name": "minecraft:book",
          "type": "minecraft:item",
          "weight": 12,
          "functions": [
            {
              "function": "minecraft:enchant_randomly",
			  "options": "#minecraft:on_random_loot"
            }
          ]
        }
      ]
    },
    {
      "rolls": {
        "min": 1.0,
        "max": 4.0,
        "type": "minecraft:uniform"
      },
      "entries": [
        {
          "name": "minecraft:iron_ingot",
          "type": "minecraft:item",
          "weight": 10,
          "functions": [
            {
              "function": "minecraft:set_count",
              "count": {
                "min": 1.0,
                "max": 4.0,
                "type": "minecraft:uniform"
              }
            }
          ]
        },
        {
          "name": "minecraft:emerald",
          "type": "minecraft:item",
          "weight": 5,
          "functions": [
            {
              "function": "minecraft:set_count",
              "count": {
                "min": 1.0,
                "max": 3.0,
                "type": "minecraft:uniform"
              }
            }
          ]
        },
        {
          "name": "minecraft:apple",
          "type": "minecraft:item",
          "weight": 20
        },
        {
          "name": "minecraft:green_dye",
          "type": "minecraft:item",
          "weight": 10,
          "functions": [
            {
              "function": "minecraft:set_count",
              "count": {
                "min": 1.0,
                "max": 4.0,
                "type": "minecraft:uniform"
              }
            }
          ]
        },
        {
          "name": "minecraft:bucket",
          "type": "minecraft:item",
          "weight": 10
        },
        {
          "name": "minecraft:redstone",
          "type": "minecraft:item",
          "weight": 15,
          "functions": [
            {
              "function": "minecraft:set_count",
              "count": {
                "min": 1.0,
                "max": 4.0,
                "type": "minecraft:uniform"
              }
            }
          ]
        },
        {
          "name": "minecraft:coal",
          "type": "minecraft:item",
          "weight": 15,
          "functions": [
            {
              "function": "minecraft:set_count",
              "count": {
                "min": 1.0,
                "max": 4.0,
                "type": "minecraft:uniform"
              }
            }
          ]
        },
        {
          "name": "minecraft:beetroot",
          "type": "minecraft:item",
          "weight": 10,
          "functions": [
            {
              "function": "minecraft:set_count",
              "count": {
                "min": 2.0,
                "max": 4.0,
                "type": "minecraft:uniform"
              }
            }
          ]
        },
        {
          "name": "minecraft:poisonous_potato",
          "type": "minecraft:item",
          "weight": 7,
          "functions": [
            {
              "function": "minecraft:set_count",
              "count": {
                "min": 2.0,
                "max": 6.0,
                "type": "minecraft:uniform"
              }
            }
          ]
        },
        {
          "name": "minecraft:potato",
          "type": "minecraft:item",
          "weight": 7,
          "functions": [
            {
              "function": "minecraft:set_count",
              "count": {
                "min": 2.0,
                "max": 6.0,
                "type": "minecraft:uniform"
              }
            }
          ]
        },
        {
          "name": "minecraft:beetroot_seeds",
          "type": "minecraft:item",
          "weight": 10,
          "functions": [
            {
              "function": "minecraft:set_count",
              "count": {
                "min": 2.0,
                "max": 4.0,
                "type": "minecraft:uniform"
              }
            }
          ]
        },
        {
          "name": "minecraft:suspicious_stew",
          "type": "minecraft:item",
          "weight": 10,
          "functions": [
            {
              "function": "minecraft:set_stew_effect",
              "effects": [
                {
                  "type": "minecraft:blindness",
                  "duration": {
                    "min": 5.0,
                    "max": 7.0
                  }
                },
                {
                  "type": "minecraft:poison",
                  "duration": {
                    "min": 10.0,
                    "max": 20.0
                  }
                },
                {
                  "type": "minecraft:weakness",
                  "duration": {
                    "min": 6.0,
                    "max": 8.0
                  }
                },
                {
                  "type": "minecraft:jump_boost",
                  "duration": {
                    "min": 7.0,
                    "max": 10.0
                  }
                },
                {
                  "type": "minecraft:night_vision",
                  "duration": {
                    "min": 7.0,
                    "max": 10.0
                  }
                },
                {
                  "type": "minecraft:saturation",
                  "duration": {
                    "min": 7.0,
                    "max": 10.0
                  }
                }
              ]
            }
          ]
        }
      ]
    },
    {
      "rolls": 3,
      "entries": [
        {
          "name": "minecraft:bone",
          "type": "minecraft:item",
          "weight": 10,
          "functions": [
            {
              "function": "minecraft:set_count",
              "count": {
                "min": 1.0,
                "max": 8.0,
                "type": "minecraft:uniform"
              }
            }
          ]
        },
        {
          "name": "minecraft:gunpowder",
          "type": "minecraft:item",
          "weight": 10,
          "functions": [
            {
              "function": "minecraft:set_count",
              "count": {
                "min": 1.0,
                "max": 8.0,
                "type": "minecraft:uniform"
              }
            }
          ]
        },
        {
          "name": "minecraft:rotten_flesh",
          "type": "minecraft:item",
          "weight": 10,
          "functions": [
            {
              "function": "minecraft:set_count",
              "count": {
                "min": 1.0,
                "max": 8.0,
                "type": "minecraft:uniform"
              }
            }
          ]
        },
        {
          "name": "minecraft:string",
          "type": "minecraft:item",
          "weight": 10,
          "functions": [
            {
              "function": "minecraft:set_count",
              "count": {
                "min": 1.0,
                "max": 8.0,
                "type": "minecraft:uniform"
              }
            }
          ]
        },
        {
          "name": "minecraft:cobweb",
          "type": "minecraft:item",
          "weight": 10,
          "functions": [
            {
              "function": "minecraft:set_count",
              "count": {
                "min": 1.0,
                "max": 2.0,
                "type": "minecraft:uniform"
              }
            }
          ]
        },
        {
          "name": "minecraft:leather_helmet",
          "type": "minecraft:item",
          "weight": 3,
          "functions": [
            {
              "function": "minecraft:enchant_randomly",
			  "options": "#minecraft:on_random_loot"
            }
          ]
        },
        {
          "name": "minecraft:leather_chestplate",
          "type": "minecraft:item",
          "weight": 3,
          "functions": [
            {
              "function": "minecraft:enchant_randomly",
			  "options": "#minecraft:on_random_loot"
            }
          ]
        },
        {
          "name": "minecraft:leather_leggings",
          "type": "minecraft:item",
          "weight": 3,
          "functions": [
            {
              "function": "minecraft:enchant_randomly",
			  "options": "#minecraft:on_random_loot"
            }
          ]
        },
        {
          "name": "minecraft:leather_boots",
          "type": "minecraft:item",
          "weight": 3,
          "functions": [
            {
              "function": "minecraft:enchant_randomly",
			  "options": "#minecraft:on_random_loot"
            }
          ]
        }
      ]
    },
    {
      "rolls": 0,
      "bonus_rolls": 1,
      "entries": [
        {
          "name": "minecraft:black_banner",
          "type": "minecraft:item",
          "weight": 1,
          "functions": [
            {
              "function": "minecraft:set_banner_pattern",
              "append": true,
              "patterns": [
                {
                  "pattern": "minecraft:stripe_top",
                  "color": "lime"
                },
                {
                  "pattern": "minecraft:rhombus",
                  "color": "black"
                },
                {
                  "pattern": "minecraft:rhombus",
                  "color": "black"
                },
                {
                  "pattern": "minecraft:stripe_downleft",
                  "color": "lime"
                },
                {
                  "pattern": "minecraft:stripe_bottom",
                  "color": "black"
                },
                {
                  "pattern": "minecraft:stripe_bottom",
                  "color": "black"
                },
                {
                  "pattern": "minecraft:stripe_bottom",
                  "color": "black"
                },
                {
                  "pattern": "minecraft:triangles_bottom",
                  "color": "lime"
                },
                {
                  "pattern": "minecraft:curly_border",
                  "color": "black"
                },
                {
                  "pattern": "minecraft:curly_border",
                  "color": "black"
                },
                {
                  "pattern": "minecraft:curly_border",
                  "color": "black"
                },
                {
                  "pattern": "minecraft:curly_border",
                  "color": "black"
                }
              ]
            }
          ]
        },
        {
          "name": "minecraft:white_banner",
          "type": "minecraft:item",
          "weight": 1,
          "functions": [
            {
              "function": "minecraft:set_banner_pattern",
              "append": true,
              "patterns": [
                {
                  "pattern": "minecraft:half_horizontal",
                  "color": "white"
                },
                {
                  "pattern": "minecraft:half_horizontal_bottom",
                  "color": "white"
                },
                {
                  "pattern": "minecraft:stripe_downleft",
                  "color": "light_blue"
                },
                {
                  "pattern": "minecraft:stripe_downleft",
                  "color": "light_blue"
                },
                {
                  "pattern": "minecraft:stripe_downleft",
                  "color": "light_blue"
                },
                {
                  "pattern": "minecraft:stripe_downleft",
                  "color": "light_blue"
                },
                {
                  "pattern": "minecraft:stripe_left",
                  "color": "white"
                },
                {
                  "pattern": "minecraft:stripe_right",
                  "color": "white"
                },
                {
                  "pattern": "minecraft:stripe_left",
                  "color": "white"
                },
                {
                  "pattern": "minecraft:stripe_right",
                  "color": "white"
                },
                {
                  "pattern": "minecraft:stripe_left",
                  "color": "white"
                },
                {
                  "pattern": "minecraft:stripe_right",
                  "color": "white"
                }
              ]
            }
          ]
        },
        {
          "name": "minecraft:orange_banner",
          "type": "minecraft:item",
          "weight": 1,
          "functions": [
            {
              "function": "minecraft:set_banner_pattern",
              "append": true,
              "patterns": [
                {
                  "pattern": "minecraft:half_horizontal",
                  "color": "orange"
                },
                {
                  "pattern": "minecraft:small_stripes",
                  "color": "white"
                },
                {
                  "pattern": "minecraft:small_stripes",
                  "color": "white"
                },
                {
                  "pattern": "minecraft:small_stripes",
                  "color": "white"
                },
                {
                  "pattern": "minecraft:stripe_right",
                  "color": "white"
                },
                {
                  "pattern": "minecraft:curly_border",
                  "color": "orange"
                },
                {
                  "pattern": "minecraft:stripe_top",
                  "color": "orange"
                },
                {
                  "pattern": "minecraft:half_horizontal_bottom",
                  "color": "orange"
                },
                {
                  "pattern": "minecraft:curly_border",
                  "color": "orange"
                },
                {
                  "pattern": "minecraft:curly_border",
                  "color": "orange"
                },
                {
                  "pattern": "minecraft:stripe_top",
                  "color": "orange"
                },
                {
                  "pattern": "minecraft:stripe_top",
                  "color": "orange"
                }
              ]
            }
          ]
        },
        {
          "name": "minecraft:red_banner",
          "type": "minecraft:item",
          "weight": 1,
          "functions": [
            {
              "function": "minecraft:set_banner_pattern",
              "append": true,
              "patterns": [
                {
                  "pattern": "minecraft:half_horizontal_bottom",
                  "color": "red"
                },
                {
                  "pattern": "minecraft:half_horizontal",
                  "color": "red"
                },
                {
                  "pattern": "minecraft:rhombus",
                  "color": "white"
                },
                {
                  "pattern": "minecraft:rhombus",
                  "color": "white"
                },
                {
                  "pattern": "minecraft:rhombus",
                  "color": "white"
                },
                {
                  "pattern": "minecraft:half_vertical",
                  "color": "red"
                },
                {
                  "pattern": "minecraft:half_vertical",
                  "color": "red"
                },
                {
                  "pattern": "minecraft:half_vertical",
                  "color": "red"
                },
                {
                  "pattern": "minecraft:half_vertical",
                  "color": "red"
                },
                {
                  "pattern": "minecraft:half_vertical",
                  "color": "red"
                },
                {
                  "pattern": "minecraft:half_vertical",
                  "color": "red"
                },
                {
                  "pattern": "minecraft:half_vertical",
                  "color": "red"
                }
              ]
            }
          ]
        },
        {
          "name": "minecraft:white_banner",
          "type": "minecraft:item",
          "weight": 1,
          "functions": [
            {
              "function": "minecraft:set_banner_pattern",
              "append": true,
              "patterns": [
                {
                  "pattern": "minecraft:stripe_bottom",
                  "color": "purple"
                },
                {
                  "pattern": "minecraft:rhombus",
                  "color": "white"
                },
                {
                  "pattern": "minecraft:rhombus",
                  "color": "white"
                },
                {
                  "pattern": "minecraft:square_bottom_left",
                  "color": "purple"
                },
                {
                  "pattern": "minecraft:border",
                  "color": "purple"
                },
                {
                  "pattern": "minecraft:stripe_top",
                  "color": "purple"
                },
                {
                  "pattern": "minecraft:piglin",
                  "color": "purple"
                },
                {
                  "pattern": "minecraft:stripe_top",
                  "color": "purple"
                },
                {
                  "pattern": "minecraft:border",
                  "color": "purple"
                },
                {
                  "pattern": "minecraft:border",
                  "color": "purple"
                },
                {
                  "pattern": "minecraft:square_bottom_left",
                  "color": "purple"
                },
                {
                  "pattern": "minecraft:square_bottom_left",
                  "color": "purple"
                }
              ]
            }
          ]
        },
        {
          "name": "minecraft:black_banner",
          "type": "minecraft:item",
          "weight": 1,
          "functions": [
            {
              "function": "minecraft:set_banner_pattern",
              "append": true,
              "patterns": [
                {
                  "pattern": "minecraft:half_horizontal_bottom",
                  "color": "black"
                },
                {
                  "pattern": "minecraft:half_horizontal",
                  "color": "black"
                },
                {
                  "pattern": "minecraft:stripe_left",
                  "color": "red"
                },
                {
                  "pattern": "minecraft:stripe_left",
                  "color": "red"
                },
                {
                  "pattern": "minecraft:stripe_right",
                  "color": "red"
                },
                {
                  "pattern": "minecraft:stripe_right",
                  "color": "red"
                },
                {
                  "pattern": "minecraft:gradient",
                  "color": "black"
                },
                {
                  "pattern": "minecraft:stripe_downright",
                  "color": "red"
                },
                {
                  "pattern": "minecraft:border",
                  "color": "black"
                },
                {
                  "pattern": "minecraft:border",
                  "color": "black"
                },
                {
                  "pattern": "minecraft:border",
                  "color": "black"
                },
                {
                  "pattern": "minecraft:border",
                  "color": "black"
                }
              ]
            }
          ]
        },
        {
          "name": "minecraft:lime_banner",
          "type": "minecraft:item",
          "weight": 1,
          "functions": [
            {
              "function": "minecraft:set_banner_pattern",
              "append": true,
              "patterns": [
                {
                  "pattern": "minecraft:stripe_right",
                  "color": "yellow"
                },
                {
                  "pattern": "minecraft:square_bottom_right",
                  "color": "yellow"
                },
                {
                  "pattern": "minecraft:square_bottom_right",
                  "color": "yellow"
                },
                {
                  "pattern": "minecraft:square_bottom_right",
                  "color": "yellow"
                },
                {
                  "pattern": "minecraft:triangle_top",
                  "color": "red"
                },
                {
                  "pattern": "minecraft:triangle_top",
                  "color": "red"
                },
                {
                  "pattern": "minecraft:triangle_top",
                  "color": "red"
                },
                {
                  "pattern": "minecraft:square_top_left",
                  "color": "red"
                },
                {
                  "pattern": "minecraft:square_top_left",
                  "color": "red"
                },
                {
                  "pattern": "minecraft:circle",
                  "color": "white"
                },
                {
                  "pattern": "minecraft:circle",
                  "color": "white"
                },
                {
                  "pattern": "minecraft:circle",
                  "color": "blue"
                }
              ]
            }
          ]
        },
        {
          "name": "minecraft:green_banner",
          "type": "minecraft:item",
          "weight": 1,
          "functions": [
            {
              "function": "minecraft:set_banner_pattern",
              "append": true,
              "patterns": [
                {
                  "pattern": "minecraft:triangle_bottom",
                  "color": "lime"
                },
                {
                  "pattern": "minecraft:bricks",
                  "color": "black"
                },
                {
                  "pattern": "minecraft:gradient_up",
                  "color": "lime"
                },
                {
                  "pattern": "minecraft:rhombus",
                  "color": "black"
                },
                {
                  "pattern": "minecraft:creeper",
                  "color": "lime"
                },
                {
                  "pattern": "minecraft:diagonal_right",
                  "color": "green"
                },
                {
                  "pattern": "minecraft:diagonal_left",
                  "color": "green"
                },
                {
                  "pattern": "minecraft:diagonal_right",
                  "color": "green"
                },
                {
                  "pattern": "minecraft:diagonal_left",
                  "color": "green"
                },
                {
                  "pattern": "minecraft:triangle_top",
                  "color": "lime"
                },
                {
                  "pattern": "minecraft:gradient",
                  "color": "orange"
                },
                {
                  "pattern": "minecraft:gradient",
                  "color": "green"
                }
              ]
            }
          ]
        },
        {
          "name": "minecraft:yellow_banner",
          "type": "minecraft:item",
          "weight": 1,
          "functions": [
            {
              "function": "minecraft:set_banner_pattern",
              "append": true,
              "patterns": [
                {
                  "pattern": "minecraft:flower",
                  "color": "black"
                },
                {
                  "pattern": "minecraft:circle",
                  "color": "yellow"
                },
                {
                  "pattern": "minecraft:small_stripes",
                  "color": "black"
                },
                {
                  "pattern": "minecraft:border",
                  "color": "yellow"
                },
                {
                  "pattern": "minecraft:flower",
                  "color": "yellow"
                },
                {
                  "pattern": "minecraft:gradient_up",
                  "color": "black"
                },
                {
                  "pattern": "minecraft:stripe_top",
                  "color": "black"
                },
                {
                  "pattern": "minecraft:stripe_top",
                  "color": "black"
                },
                {
                  "pattern": "minecraft:curly_border",
                  "color": "black"
                },
                {
                  "pattern": "minecraft:gradient_up",
                  "color": "lime"
                },
                {
                  "pattern": "minecraft:triangle_bottom",
                  "color": "black"
                },
                {
                  "pattern": "minecraft:triangle_bottom",
                  "color": "black"
                }
              ]
            }
          ]
        },
        {
          "name": "minecraft:white_banner",
          "type": "minecraft:item",
          "weight": 1,
          "functions": [
            {
              "function": "minecraft:set_banner_pattern",
              "append": true,
              "patterns": [
                {
                  "pattern": "minecraft:half_horizontal",
                  "color": "white"
                },
                {
                  "pattern": "minecraft:half_horizontal_bottom",
                  "color": "white"
                },
                {
                  "pattern": "minecraft:square_top_left",
                  "color": "red"
                },
                {
                  "pattern": "minecraft:square_top_left",
                  "color": "red"
                },
                {
                  "pattern": "minecraft:square_top_right",
                  "color": "lime"
                },
                {
                  "pattern": "minecraft:square_top_right",
                  "color": "lime"
                },
                {
                  "pattern": "minecraft:square_bottom_left",
                  "color": "light_blue"
                },
                {
                  "pattern": "minecraft:square_bottom_right",
                  "color": "yellow"
                },
                {
                  "pattern": "minecraft:square_bottom_left",
                  "color": "light_blue"
                },
                {
                  "pattern": "minecraft:straight_cross",
                  "color": "white"
                },
                {
                  "pattern": "minecraft:straight_cross",
                  "color": "white"
                },
                {
                  "pattern": "minecraft:straight_cross",
                  "color": "white"
                }
              ]
            }
          ]
        },
        {
          "name": "minecraft:black_banner",
          "type": "minecraft:item",
          "weight": 1,
          "functions": [
            {
              "function": "minecraft:set_banner_pattern",
              "append": true,
              "patterns": [
                {
                  "pattern": "minecraft:half_vertical_right",
                  "color": "white"
                },
                {
                  "pattern": "minecraft:straight_cross",
                  "color": "red"
                },
                {
                  "pattern": "minecraft:straight_cross",
                  "color": "red"
                },
                {
                  "pattern": "minecraft:straight_cross",
                  "color": "red"
                },
                {
                  "pattern": "minecraft:square_bottom_left",
                  "color": "black"
                },
                {
                  "pattern": "minecraft:square_bottom_right",
                  "color": "white"
                },
                {
                  "pattern": "minecraft:square_top_right",
                  "color": "white"
                },
                {
                  "pattern": "minecraft:square_top_left",
                  "color": "black"
                },
                {
                  "pattern": "minecraft:square_top_left",
                  "color": "black"
                },
                {
                  "pattern": "minecraft:square_top_right",
                  "color": "white"
                },
                {
                  "pattern": "minecraft:square_bottom_right",
                  "color": "white"
                },
                {
                  "pattern": "minecraft:square_bottom_left",
                  "color": "black"
                }
              ]
            }
          ]
        },
        {
          "name": "minecraft:white_banner",
          "type": "minecraft:item",
          "weight": 1,
          "functions": [
            {
              "function": "minecraft:set_banner_pattern",
              "append": true,
              "patterns": [
                {
                  "pattern": "minecraft:half_horizontal",
                  "color": "white"
                },
                {
                  "pattern": "minecraft:half_horizontal_bottom",
                  "color": "white"
                },
                {
                  "pattern": "minecraft:stripe_right",
                  "color": "yellow"
                },
                {
                  "pattern": "minecraft:stripe_right",
                  "color": "yellow"
                },
                {
                  "pattern": "minecraft:stripe_right",
                  "color": "yellow"
                },
                {
                  "pattern": "minecraft:stripe_right",
                  "color": "yellow"
                },
                {
                  "pattern": "minecraft:stripe_right",
                  "color": "yellow"
                },
                {
                  "pattern": "minecraft:stripe_left",
                  "color": "purple"
                },
                {
                  "pattern": "minecraft:stripe_left",
                  "color": "purple"
                },
                {
                  "pattern": "minecraft:stripe_left",
                  "color": "purple"
                },
                {
                  "pattern": "minecraft:stripe_left",
                  "color": "purple"
                },
                {
                  "pattern": "minecraft:stripe_left",
                  "color": "purple"
                }
              ]
            }
          ]
        },
        {
          "name": "minecraft:blue_banner",
          "type": "minecraft:item",
          "weight": 1,
          "functions": [
            {
              "function": "minecraft:set_banner_pattern",
              "append": true,
              "patterns": [
                {
                  "pattern": "minecraft:half_horizontal",
                  "color": "yellow"
                },
                {
                  "pattern": "minecraft:half_horizontal_bottom",
                  "color": "yellow"
                },
                {
                  "pattern": "minecraft:stripe_middle",
                  "color": "blue"
                },
                {
                  "pattern": "minecraft:stripe_top",
                  "color": "blue"
                },
                {
                  "pattern": "minecraft:stripe_bottom",
                  "color": "blue"
                },
                {
                  "pattern": "minecraft:border",
                  "color": "blue"
                },
                {
                  "pattern": "minecraft:border",
                  "color": "blue"
                },
                {
                  "pattern": "minecraft:border",
                  "color": "blue"
                },
                {
                  "pattern": "minecraft:stripe_top",
                  "color": "blue"
                },
                {
                  "pattern": "minecraft:stripe_bottom",
                  "color": "blue"
                },
                {
                  "pattern": "minecraft:stripe_middle",
                  "color": "blue"
                },
                {
                  "pattern": "minecraft:stripe_middle",
                  "color": "blue"
                }
              ]
            }
          ]
        },
        {
          "name": "minecraft:blue_banner",
          "type": "minecraft:item",
          "weight": 1,
          "functions": [
            {
              "function": "minecraft:set_banner_pattern",
              "append": true,
              "patterns": [
                {
                  "pattern": "minecraft:half_horizontal_bottom",
                  "color": "blue"
                },
                {
                  "pattern": "minecraft:half_horizontal",
                  "color": "blue"
                },
                {
                  "pattern": "minecraft:flower",
                  "color": "yellow"
                },
                {
                  "pattern": "minecraft:flower",
                  "color": "yellow"
                },
                {
                  "pattern": "minecraft:flower",
                  "color": "yellow"
                },
                {
                  "pattern": "minecraft:small_stripes",
                  "color": "blue"
                },
                {
                  "pattern": "minecraft:small_stripes",
                  "color": "blue"
                },
                {
                  "pattern": "minecraft:piglin",
                  "color": "blue"
                },
                {
                  "pattern": "minecraft:circle",
                  "color": "blue"
                },
                {
                  "pattern": "minecraft:circle",
                  "color": "blue"
                },
                {
                  "pattern": "minecraft:circle",
                  "color": "blue"
                },
                {
                  "pattern": "minecraft:border",
                  "color": "blue"
                }
              ]
            }
          ]
        },
        {
          "name": "minecraft:light_blue_banner",
          "type": "minecraft:item",
          "weight": 1,
          "functions": [
            {
              "function": "minecraft:set_banner_pattern",
              "append": true,
              "patterns": [
                {
                  "pattern": "minecraft:half_horizontal_bottom",
                  "color": "light_blue"
                },
                {
                  "pattern": "minecraft:half_horizontal",
                  "color": "light_blue"
                },
                {
                  "pattern": "minecraft:triangles_bottom",
                  "color": "white"
                },
                {
                  "pattern": "minecraft:curly_border",
                  "color": "white"
                },
                {
                  "pattern": "minecraft:triangles_bottom",
                  "color": "white"
                },
                {
                  "pattern": "minecraft:curly_border",
                  "color": "white"
                },
                {
                  "pattern": "minecraft:border",
                  "color": "light_blue"
                },
                {
                  "pattern": "minecraft:stripe_top",
                  "color": "light_blue"
                },
                {
                  "pattern": "minecraft:globe",
                  "color": "white"
                },
                {
                  "pattern": "minecraft:globe",
                  "color": "white"
                },
                {
                  "pattern": "minecraft:globe",
                  "color": "white"
                },
                {
                  "pattern": "minecraft:globe",
                  "color": "white"
                }
              ]
            }
          ]
        },
        {
          "name": "minecraft:white_banner",
          "type": "minecraft:item",
          "weight": 1,
          "functions": [
            {
              "function": "minecraft:set_banner_pattern",
              "append": true,
              "patterns": [
                {
                  "pattern": "minecraft:half_horizontal",
                  "color": "white"
                },
                {
                  "pattern": "minecraft:half_horizontal_bottom",
                  "color": "white"
                },
                {
                  "pattern": "minecraft:straight_cross",
                  "color": "red"
                },
                {
                  "pattern": "minecraft:straight_cross",
                  "color": "red"
                },
                {
                  "pattern": "minecraft:straight_cross",
                  "color": "red"
                },
                {
                  "pattern": "minecraft:border",
                  "color": "white"
                },
                {
                  "pattern": "minecraft:border",
                  "color": "white"
                },
                {
                  "pattern": "minecraft:border",
                  "color": "white"
                },
                {
                  "pattern": "minecraft:stripe_top",
                  "color": "white"
                },
                {
                  "pattern": "minecraft:stripe_top",
                  "color": "white"
                },
                {
                  "pattern": "minecraft:stripe_bottom",
                  "color": "white"
                },
                {
                  "pattern": "minecraft:stripe_bottom",
                  "color": "white"
                }
              ]
            }
          ]
        },
        {
          "name": "minecraft:black_banner",
          "type": "minecraft:item",
          "weight": 1,
          "functions": [
            {
              "function": "minecraft:set_banner_pattern",
              "append": true,
              "patterns": [
                {
                  "pattern": "minecraft:bricks",
                  "color": "white"
                },
                {
                  "pattern": "minecraft:bricks",
                  "color": "white"
                },
                {
                  "pattern": "minecraft:small_stripes",
                  "color": "black"
                },
                {
                  "pattern": "minecraft:small_stripes",
                  "color": "black"
                },
                {
                  "pattern": "minecraft:small_stripes",
                  "color": "black"
                },
                {
                  "pattern": "minecraft:small_stripes",
                  "color": "black"
                },
                {
                  "pattern": "minecraft:stripe_center",
                  "color": "white"
                },
                {
                  "pattern": "minecraft:stripe_center",
                  "color": "white"
                },
                {
                  "pattern": "minecraft:stripe_center",
                  "color": "white"
                },
                {
                  "pattern": "minecraft:border",
                  "color": "black"
                },
                {
                  "pattern": "minecraft:border",
                  "color": "black"
                },
                {
                  "pattern": "minecraft:border",
                  "color": "black"
                }
              ]
            }
          ]
        },
        {
          "name": "minecraft:black_banner",
          "type": "minecraft:item",
          "weight": 1,
          "functions": [
            {
              "function": "minecraft:set_banner_pattern",
              "append": true,
              "patterns": [
                {
                  "pattern": "minecraft:stripe_center",
                  "color": "black"
                },
                {
                  "pattern": "minecraft:stripe_left",
                  "color": "red"
                },
                {
                  "pattern": "minecraft:stripe_left",
                  "color": "red"
                },
                {
                  "pattern": "minecraft:stripe_left",
                  "color": "red"
                },
                {
                  "pattern": "minecraft:stripe_right",
                  "color": "green"
                },
                {
                  "pattern": "minecraft:stripe_right",
                  "color": "green"
                },
                {
                  "pattern": "minecraft:stripe_right",
                  "color": "green"
                },
                {
                  "pattern": "minecraft:stripe_right",
                  "color": "green"
                },
                {
                  "pattern": "minecraft:stripe_right",
                  "color": "green"
                },
                {
                  "pattern": "minecraft:stripe_left",
                  "color": "red"
                },
                {
                  "pattern": "minecraft:stripe_left",
                  "color": "red"
                },
                {
                  "pattern": "minecraft:stripe_center",
                  "color": "black"
                }
              ]
            }
          ]
        },
        {
          "name": "minecraft:white_banner",
          "type": "minecraft:item",
          "weight": 1,
          "functions": [
            {
              "function": "minecraft:set_banner_pattern",
              "append": true,
              "patterns": [
                {
                  "pattern": "minecraft:half_horizontal_bottom",
                  "color": "black"
                },
                {
                  "pattern": "minecraft:half_horizontal",
                  "color": "white"
                },
                {
                  "pattern": "minecraft:stripe_bottom",
                  "color": "blue"
                },
                {
                  "pattern": "minecraft:stripe_bottom",
                  "color": "blue"
                },
                {
                  "pattern": "minecraft:stripe_bottom",
                  "color": "blue"
                },
                {
                  "pattern": "minecraft:stripe_top",
                  "color": "magenta"
                },
                {
                  "pattern": "minecraft:stripe_top",
                  "color": "magenta"
                },
                {
                  "pattern": "minecraft:stripe_top",
                  "color": "magenta"
                },
                {
                  "pattern": "minecraft:stripe_middle",
                  "color": "purple"
                },
                {
                  "pattern": "minecraft:stripe_middle",
                  "color": "purple"
                },
                {
                  "pattern": "minecraft:stripe_middle",
                  "color": "purple"
                },
                {
                  "pattern": "minecraft:stripe_middle",
                  "color": "purple"
                }
              ]
            }
          ]
        },
        {
          "name": "minecraft:white_banner",
          "type": "minecraft:item",
          "weight": 1,
          "functions": [
            {
              "function": "minecraft:set_banner_pattern",
              "append": true,
              "patterns": [
                {
                  "pattern": "minecraft:half_horizontal_bottom",
                  "color": "gray"
                },
                {
                  "pattern": "minecraft:half_horizontal_bottom",
                  "color": "gray"
                },
                {
                  "pattern": "minecraft:stripe_bottom",
                  "color": "black"
                },
                {
                  "pattern": "minecraft:stripe_bottom",
                  "color": "black"
                },
                {
                  "pattern": "minecraft:stripe_bottom",
                  "color": "black"
                },
                {
                  "pattern": "minecraft:half_horizontal",
                  "color": "lime"
                },
                {
                  "pattern": "minecraft:stripe_top",
                  "color": "green"
                },
                {
                  "pattern": "minecraft:stripe_top",
                  "color": "green"
                },
                {
                  "pattern": "minecraft:stripe_middle",
                  "color": "white"
                },
                {
                  "pattern": "minecraft:stripe_middle",
                  "color": "white"
                },
                {
                  "pattern": "minecraft:stripe_middle",
                  "color": "white"
                },
                {
                  "pattern": "minecraft:stripe_top",
                  "color": "green"
                }
              ]
            }
          ]
        },
        {
          "name": "minecraft:purple_banner",
          "type": "minecraft:item",
          "weight": 1,
          "functions": [
            {
              "function": "minecraft:set_banner_pattern",
              "append": true,
              "patterns": [
                {
                  "pattern": "minecraft:stripe_center",
                  "color": "purple"
                },
                {
                  "pattern": "minecraft:stripe_left",
                  "color": "magenta"
                },
                {
                  "pattern": "minecraft:stripe_left",
                  "color": "magenta"
                },
                {
                  "pattern": "minecraft:stripe_left",
                  "color": "magenta"
                },
                {
                  "pattern": "minecraft:stripe_right",
                  "color": "blue"
                },
                {
                  "pattern": "minecraft:stripe_right",
                  "color": "blue"
                },
                {
                  "pattern": "minecraft:stripe_right",
                  "color": "blue"
                },
                {
                  "pattern": "minecraft:stripe_right",
                  "color": "blue"
                },
                {
                  "pattern": "minecraft:stripe_right",
                  "color": "blue"
                },
                {
                  "pattern": "minecraft:stripe_left",
                  "color": "magenta"
                },
                {
                  "pattern": "minecraft:stripe_left",
                  "color": "magenta"
                },
                {
                  "pattern": "minecraft:stripe_center",
                  "color": "purple"
                }
              ]
            }
          ]
        },
        {
          "name": "minecraft:yellow_banner",
          "type": "minecraft:item",
          "weight": 1,
          "functions": [
            {
              "function": "minecraft:set_banner_pattern",
              "append": true,
              "patterns": [
                {
                  "pattern": "minecraft:half_horizontal",
                  "color": "yellow"
                },
                {
                  "pattern": "minecraft:gradient",
                  "color": "red"
                },
                {
                  "pattern": "minecraft:gradient_up",
                  "color": "red"
                },
                {
                  "pattern": "minecraft:gradient",
                  "color": "yellow"
                },
                {
                  "pattern": "minecraft:gradient",
                  "color": "yellow"
                },
                {
                  "pattern": "minecraft:gradient_up",
                  "color": "magenta"
                },
                {
                  "pattern": "minecraft:gradient_up",
                  "color": "purple"
                },
                {
                  "pattern": "minecraft:gradient",
                  "color": "yellow"
                },
                {
                  "pattern": "minecraft:gradient",
                  "color": "red"
                },
                {
                  "pattern": "minecraft:stripe_middle",
                  "color": "white"
                },
                {
                  "pattern": "minecraft:stripe_middle",
                  "color": "white"
                },
                {
                  "pattern": "minecraft:stripe_middle",
                  "color": "white"
                }
              ]
            }
          ]
        },
        {
          "name": "minecraft:yellow_banner",
          "type": "minecraft:item",
          "weight": 1,
          "functions": [
            {
              "function": "minecraft:set_banner_pattern",
              "append": true,
              "patterns": [
                {
                  "pattern": "minecraft:half_horizontal_bottom",
                  "color": "yellow"
                },
                {
                  "pattern": "minecraft:half_horizontal",
                  "color": "yellow"
                },
                {
                  "pattern": "minecraft:stripe_top",
                  "color": "pink"
                },
                {
                  "pattern": "minecraft:stripe_top",
                  "color": "pink"
                },
                {
                  "pattern": "minecraft:stripe_top",
                  "color": "pink"
                },
                {
                  "pattern": "minecraft:stripe_top",
                  "color": "pink"
                },
                {
                  "pattern": "minecraft:stripe_top",
                  "color": "pink"
                },
                {
                  "pattern": "minecraft:stripe_bottom",
                  "color": "light_blue"
                },
                {
                  "pattern": "minecraft:stripe_bottom",
                  "color": "light_blue"
                },
                {
                  "pattern": "minecraft:stripe_bottom",
                  "color": "light_blue"
                },
                {
                  "pattern": "minecraft:stripe_bottom",
                  "color": "light_blue"
                },
                {
                  "pattern": "minecraft:stripe_bottom",
                  "color": "light_blue"
                }
              ]
            }
          ]
        },
        {
          "name": "minecraft:white_banner",
          "type": "minecraft:item",
          "weight": 1,
          "functions": [
            {
              "function": "minecraft:set_banner_pattern",
              "append": true,
              "patterns": [
                {
                  "pattern": "minecraft:half_horizontal",
                  "color": "white"
                },
                {
                  "pattern": "minecraft:stripe_top",
                  "color": "yellow"
                },
                {
                  "pattern": "minecraft:stripe_top",
                  "color": "yellow"
                },
                {
                  "pattern": "minecraft:half_horizontal_bottom",
                  "color": "purple"
                },
                {
                  "pattern": "minecraft:half_horizontal_bottom",
                  "color": "purple"
                },
                {
                  "pattern": "minecraft:half_horizontal_bottom",
                  "color": "purple"
                },
                {
                  "pattern": "minecraft:half_horizontal_bottom",
                  "color": "purple"
                },
                {
                  "pattern": "minecraft:half_horizontal_bottom",
                  "color": "purple"
                },
                {
                  "pattern": "minecraft:half_horizontal_bottom",
                  "color": "purple"
                },
                {
                  "pattern": "minecraft:stripe_bottom",
                  "color": "black"
                },
                {
                  "pattern": "minecraft:stripe_bottom",
                  "color": "black"
                },
                {
                  "pattern": "minecraft:stripe_bottom",
                  "color": "black"
                }
              ]
            }
          ]
        },
        {
          "name": "minecraft:light_gray_banner",
          "type": "minecraft:item",
          "weight": 1,
          "functions": [
            {
              "function": "minecraft:set_banner_pattern",
              "append": true,
              "patterns": [
                {
                  "pattern": "minecraft:half_horizontal",
                  "color": "light_gray"
                },
                {
                  "pattern": "minecraft:stripe_top",
                  "color": "black"
                },
                {
                  "pattern": "minecraft:half_horizontal_bottom",
                  "color": "white"
                },
                {
                  "pattern": "minecraft:half_horizontal_bottom",
                  "color": "white"
                },
                {
                  "pattern": "minecraft:half_horizontal_bottom",
                  "color": "white"
                },
                {
                  "pattern": "minecraft:half_horizontal_bottom",
                  "color": "white"
                },
                {
                  "pattern": "minecraft:half_horizontal_bottom",
                  "color": "white"
                },
                {
                  "pattern": "minecraft:half_horizontal_bottom",
                  "color": "white"
                },
                {
                  "pattern": "minecraft:stripe_bottom",
                  "color": "purple"
                },
                {
                  "pattern": "minecraft:stripe_bottom",
                  "color": "purple"
                },
                {
                  "pattern": "minecraft:stripe_bottom",
                  "color": "purple"
                },
                {
                  "pattern": "minecraft:stripe_top",
                  "color": "black"
                }
              ]
            }
          ]
        },
        {
          "name": "minecraft:red_banner",
          "type": "minecraft:item",
          "weight": 1,
          "functions": [
            {
              "function": "minecraft:set_banner_pattern",
              "append": true,
              "patterns": [
                {
                  "pattern": "minecraft:half_horizontal_bottom",
                  "color": "green"
                },
                {
                  "pattern": "minecraft:stripe_bottom",
                  "color": "blue"
                },
                {
                  "pattern": "minecraft:stripe_bottom",
                  "color": "blue"
                },
                {
                  "pattern": "minecraft:triangles_bottom",
                  "color": "purple"
                },
                {
                  "pattern": "minecraft:half_horizontal",
                  "color": "yellow"
                },
                {
                  "pattern": "minecraft:stripe_top",
                  "color": "orange"
                },
                {
                  "pattern": "minecraft:stripe_top",
                  "color": "orange"
                },
                {
                  "pattern": "minecraft:triangles_top",
                  "color": "red"
                },
                {
                  "pattern": "minecraft:triangles_top",
                  "color": "red"
                },
                {
                  "pattern": "minecraft:triangles_bottom",
                  "color": "purple"
                },
                {
                  "pattern": "minecraft:triangles_bottom",
                  "color": "purple"
                },
                {
                  "pattern": "minecraft:triangles_top",
                  "color": "red"
                }
              ]
            }
          ]
        },
        {
          "name": "minecraft:yellow_banner",
          "type": "minecraft:item",
          "weight": 1,
          "functions": [
            {
              "function": "minecraft:set_banner_pattern",
              "append": true,
              "patterns": [
                {
                  "pattern": "minecraft:half_horizontal_bottom",
                  "color": "yellow"
                },
                {
                  "pattern": "minecraft:half_horizontal",
                  "color": "blue"
                },
                {
                  "pattern": "minecraft:half_horizontal",
                  "color": "blue"
                },
                {
                  "pattern": "minecraft:half_horizontal",
                  "color": "blue"
                },
                {
                  "pattern": "minecraft:half_horizontal",
                  "color": "blue"
                },
                {
                  "pattern": "minecraft:half_horizontal",
                  "color": "blue"
                },
                {
                  "pattern": "minecraft:half_horizontal",
                  "color": "blue"
                },
                {
                  "pattern": "minecraft:half_horizontal",
                  "color": "blue"
                },
                {
                  "pattern": "minecraft:half_horizontal",
                  "color": "blue"
                },
                {
                  "pattern": "minecraft:half_horizontal",
                  "color": "blue"
                },
                {
                  "pattern": "minecraft:half_horizontal",
                  "color": "blue"
                },
                {
                  "pattern": "minecraft:half_horizontal",
                  "color": "blue"
                }
              ]
            }
          ]
        },
        {
          "name": "minecraft:pink_banner",
          "type": "minecraft:item",
          "weight": 1,
          "functions": [
            {
              "function": "minecraft:set_banner_pattern",
              "append": true,
              "patterns": [
                {
                  "pattern": "minecraft:stripe_center",
                  "color": "white"
                },
                {
                  "pattern": "minecraft:stripe_center",
                  "color": "white"
                },
                {
                  "pattern": "minecraft:stripe_center",
                  "color": "white"
                },
                {
                  "pattern": "minecraft:border",
                  "color": "light_blue"
                },
                {
                  "pattern": "minecraft:border",
                  "color": "light_blue"
                },
                {
                  "pattern": "minecraft:border",
                  "color": "light_blue"
                }
              ]
            }
          ]
        },
        {
          "type": "minecraft:empty",
          "weight": 60
        },
        {
          "name": "minecraft:black_banner",
          "type": "minecraft:item",
          "weight": 10,
          "functions": [
            {
              "function": "minecraft:set_banner_pattern",
              "append": true,
              "patterns": [
                {
                  "pattern": "minecraft:rhombus",
                  "color": "green"
                },
                {
                  "pattern": "minecraft:flower",
                  "color": "green"
                },
                {
                  "pattern": "minecraft:flower",
                  "color": "black"
                },
                {
                  "pattern": "minecraft:triangles_top",
                  "color": "black"
                },
                {
                  "pattern": "minecraft:triangles_top",
                  "color": "black"
                },
                {
                  "pattern": "minecraft:triangles_top",
                  "color": "green"
                },
                {
                  "pattern": "minecraft:triangles_bottom",
                  "color": "black"
                },
                {
                  "pattern": "minecraft:triangles_bottom",
                  "color": "black"
                },
                {
                  "pattern": "minecraft:triangles_bottom",
                  "color": "green"
                },
                {
                  "pattern": "minecraft:curly_border",
                  "color": "gray"
                },
                {
                  "pattern": "minecraft:border",
                  "color": "green"
                },
                {
                  "pattern": "minecraft:curly_border",
                  "color": "black"
                }
              ]
            }
          ]
        },
        {
          "name": "minecraft:name_tag",
          "type": "minecraft:item",
          "weight": 10
        }
      ]
    }
  ]
}