{
  "type": "minecraft:chest",
  "random_sequence": "repurposed_structures:chests",
  "pools": [
    {
      "rolls": 1,
      "entries": [
        {
          "type": "minecraft:loot_table",
          "weight": 1,
          "value": "minecraft:chests/buried_treasure"
        },
        {
          "type": "minecraft:loot_table",
          "weight": 9,
          "value": "minecraft:chests/underwater_ruin_big"
        },
        {
          "type": "minecraft:loot_table",
          "weight": 22,
          "value": "minecraft:chests/underwater_ruin_small"
        },
        {
          "type": "minecraft:loot_table",
          "weight": 45,
          "value": "minecraft:chests/simple_dungeon"
        },
        {
          "type": "minecraft:loot_table",
          "weight": 55,
          "value": "minecraft:chests/shipwreck_supply"
        }
      ]
    },
    {
      "rolls": {
        "min": 1.0,
        "max": 3.0,
        "type": "minecraft:uniform"
      },
      "entries": [
        {
          "name": "minecraft:music_disc_otherside",
          "type": "minecraft:item",
          "weight": 1
        },
        {
          "name": "minecraft:nautilus_shell",
          "type": "minecraft:item",
          "weight": 16,
          "functions": [
            {
              "function": "minecraft:set_count",
              "count": {
                "min": 3.0,
                "max": 6.0,
                "type": "minecraft:uniform"
              }
            }
          ]
        },
        {
          "name": "minecraft:name_tag",
          "type": "minecraft:item",
          "weight": 9
        },
        {
          "name": "minecraft:prismarine_crystals",
          "type": "minecraft:item",
          "weight": 16,
          "functions": [
            {
              "function": "minecraft:set_count",
              "count": {
                "min": 1.0,
                "max": 2.0,
                "type": "minecraft:uniform"
              }
            }
          ]
        },
        {
          "name": "minecraft:prismarine_shard",
          "type": "minecraft:item",
          "weight": 16,
          "functions": [
            {
              "function": "minecraft:set_count",
              "count": {
                "min": 1.0,
                "max": 6.0,
                "type": "minecraft:uniform"
              }
            }
          ]
        }
      ]
    },
    {
      "rolls": 1,
      "entries": [
        {
          "type": "minecraft:loot_table",
          "value": "repurposed_structures:chests/lucky_pool"
        }
      ]
    },
    {
      "rolls": 0,
      "bonus_rolls": 1,
      "entries": [
        {
          "type": "minecraft:empty",
          "weight": 130
        },
        {
          "name": "minecraft:black_banner",
          "type": "minecraft:item",
          "weight": 30,
          "functions": [
            {
              "function": "minecraft:set_banner_pattern",
              "append": true,
              "patterns": [
                {
                  "pattern": "minecraft:rhombus",
                  "color": "blue"
                },
                {
                  "pattern": "minecraft:flower",
                  "color": "blue"
                },
                {
                  "pattern": "minecraft:flower",
                  "color": "black"
                },
                {
                  "pattern": "minecraft:triangles_top",
                  "color": "black"
                },
                {
                  "pattern": "minecraft:triangles_top",
                  "color": "black"
                },
                {
                  "pattern": "minecraft:triangles_top",
                  "color": "blue"
                },
                {
                  "pattern": "minecraft:triangles_bottom",
                  "color": "black"
                },
                {
                  "pattern": "minecraft:triangles_bottom",
                  "color": "black"
                },
                {
                  "pattern": "minecraft:triangles_bottom",
                  "color": "blue"
                },
                {
                  "pattern": "minecraft:curly_border",
                  "color": "gray"
                },
                {
                  "pattern": "minecraft:border",
                  "color": "blue"
                },
                {
                  "pattern": "minecraft:curly_border",
                  "color": "black"
                }
              ]
            }
          ]
        },
        {
          "name": "minecraft:name_tag",
          "type": "minecraft:item",
          "weight": 10
        }
      ]
    }
  ]
}