{
  "structures": [
    {
      "structure": "repurposed_structures:ruins_land_warm",
      "weight": 1
    },
    {
      "structure": "repurposed_structures:ruins_land_hot",
      "weight": 1
    },
    {
      "structure": "repurposed_structures:ruins_land_cold",
      "weight": 1
    },
    {
      "structure": "repurposed_structures:ruins_land_icy",
      "weight": 1
    }
  ],
  "placement": {
    "type": "repurposed_structures:advanced_random_spread",
    "salt": 1612645903,
    "spacing": 68,
    "separation": 30
  }
}