{
  "type": "minecraft:chest",
  "random_sequence": "repurposed_structures:chests",
  "pools": [
    {
      "rolls": {
        "min": 5.0,
        "max": 11.0,
        "type": "minecraft:uniform"
      },
      "entries": [
        {
          "name": "minecraft:paper",
          "type": "minecraft:item",
          "weight": 8,
          "functions": [
            {
              "function": "minecraft:set_count",
              "count": {
                "min": 1.0,
                "max": 12.0,
                "type": "minecraft:uniform"
              }
            }
          ]
        },
        {
          "name": "minecraft:chorus_fruit",
          "type": "minecraft:item",
          "weight": 7,
          "functions": [
            {
              "function": "minecraft:set_count",
              "count": {
                "min": 2.0,
                "max": 12.0,
                "type": "minecraft:uniform"
              }
            }
          ]
        },
        {
          "name": "minecraft:beetroot_seeds",
          "type": "minecraft:item",
          "weight": 7,
          "functions": [
            {
              "function": "minecraft:set_count",
              "count": {
                "min": 1.0,
                "max": 10.0,
                "type": "minecraft:uniform"
              }
            }
          ]
        },
        {
          "name": "minecraft:magenta_banner",
          "type": "minecraft:item",
          "weight": 7,
          "functions": [
            {
              "function": "minecraft:set_count",
              "count": {
                "min": 2.0,
                "max": 4.0,
                "type": "minecraft:uniform"
              }
            },
            {
              "function": "minecraft:set_banner_pattern",
              "append": true,
              "patterns": []
            }
          ]
        },
        {
          "name": "minecraft:popped_chorus_fruit",
          "type": "minecraft:item",
          "weight": 7,
          "functions": [
            {
              "function": "minecraft:set_count",
              "count": {
                "min": 5.0,
                "max": 17.0,
                "type": "minecraft:uniform"
              }
            }
          ]
        },
        {
          "name": "minecraft:suspicious_stew",
          "type": "minecraft:item",
          "weight": 10,
          "functions": [
            {
              "function": "minecraft:set_stew_effect",
              "effects": [
                {
                  "type": "minecraft:blindness",
                  "duration": {
                    "min": 10.0,
                    "max": 25.0
                  }
                },
                {
                  "type": "minecraft:levitation",
                  "duration": {
                    "min": 25.0,
                    "max": 55.0
                  }
                },
                {
                  "type": "minecraft:weakness",
                  "duration": {
                    "min": 30.0,
                    "max": 50.0
                  }
                },
                {
                  "type": "minecraft:jump_boost",
                  "duration": {
                    "min": 60.0,
                    "max": 120.0
                  }
                },
                {
                  "type": "minecraft:night_vision",
                  "duration": {
                    "min": 60.0,
                    "max": 120.0
                  }
                },
                {
                  "type": "minecraft:saturation",
                  "duration": {
                    "min": 10.0,
                    "max": 12.0
                  }
                },
                {
                  "type": "minecraft:invisibility",
                  "duration": {
                    "min": 30.0,
                    "max": 120.0
                  }
                },
                {
                  "type": "minecraft:slow_falling",
                  "duration": {
                    "min": 30.0,
                    "max": 120.0
                  }
                },
                {
                  "type": "minecraft:glowing",
                  "duration": {
                    "min": 30.0,
                    "max": 120.0
                  }
                }
              ]
            }
          ]
        },
        {
          "name": "minecraft:phantom_membrane",
          "type": "minecraft:item",
          "weight": 6,
          "functions": [
            {
              "function": "minecraft:set_count",
              "count": {
                "min": 1.0,
                "max": 3.0,
                "type": "minecraft:uniform"
              }
            }
          ]
        },
        {
          "name": "minecraft:ender_pearl",
          "type": "minecraft:item",
          "weight": 5,
          "functions": [
            {
              "function": "minecraft:set_count",
              "count": {
                "min": 1.0,
                "max": 3.0,
                "type": "minecraft:uniform"
              }
            }
          ]
        },
        {
          "name": "minecraft:end_rod",
          "type": "minecraft:item",
          "weight": 2,
          "functions": [
            {
              "function": "minecraft:set_count",
              "count": {
                "min": 1.0,
                "max": 3.0,
                "type": "minecraft:uniform"
              }
            }
          ]
        },
        {
          "name": "minecraft:magenta_stained_glass_pane",
          "type": "minecraft:item",
          "weight": 2,
          "functions": [
            {
              "function": "minecraft:set_count",
              "count": {
                "min": 1.0,
                "max": 3.0,
                "type": "minecraft:uniform"
              }
            }
          ]
        },
        {
          "name": "minecraft:gunpowder",
          "type": "minecraft:item",
          "weight": 3,
          "functions": [
            {
              "function": "minecraft:set_count",
              "count": {
                "min": 10.0,
                "max": 15.0,
                "type": "minecraft:uniform"
              }
            }
          ]
        },
        {
          "name": "minecraft:firework_star",
          "type": "minecraft:item",
          "weight": 3,
          "functions": [
            {
              "function": "minecraft:set_count",
              "count": {
                "min": 1.0,
                "max": 3.0,
                "type": "minecraft:uniform"
              }
            },
            {
              "function": "minecraft:set_firework_explosion",
              "color": [
                8073150
              ],
              "fade_colors": [
                12801229
              ],
              "trail": true,
              "twinkle": true,
              "shape": "star"
            }
          ]
        },
        {
          "name": "minecraft:firework_star",
          "type": "minecraft:item",
          "weight": 3,
          "functions": [
            {
              "function": "minecraft:set_count",
              "count": {
                "min": 1.0,
                "max": 3.0,
                "type": "minecraft:uniform"
              }
            },
            {
              "function": "minecraft:set_firework_explosion",
              "color": [
                12801229
              ],
              "fade_colors": [
                8073150
              ],
              "trail": true,
              "twinkle": true,
              "shape": "star"
            }
          ]
        },
        {
          "name": "minecraft:obsidian",
          "type": "minecraft:item",
          "functions": [
            {
              "function": "minecraft:set_count",
              "count": {
                "min": 1.0,
                "max": 6.0,
                "type": "minecraft:uniform"
              }
            }
          ]
        },
        {
          "name": "minecraft:iron_helmet",
          "type": "minecraft:item",
          "weight": 3,
          "functions": [
            {
              "function": "minecraft:enchant_randomly",
			  "options": "#minecraft:on_random_loot"
            }
          ]
        },
        {
          "name": "minecraft:iron_chestplate",
          "type": "minecraft:item",
          "weight": 3,
          "functions": [
            {
              "function": "minecraft:enchant_randomly",
			  "options": "#minecraft:on_random_loot"
            }
          ]
        },
        {
          "name": "minecraft:iron_leggings",
          "type": "minecraft:item",
          "weight": 3,
          "functions": [
            {
              "function": "minecraft:enchant_randomly",
			  "options": "#minecraft:on_random_loot"
            }
          ]
        },
        {
          "name": "minecraft:iron_boots",
          "type": "minecraft:item",
          "weight": 3,
          "functions": [
            {
              "function": "minecraft:enchant_randomly",
			  "options": "#minecraft:on_random_loot"
            }
          ]
        }
      ]
    },
    {
      "rolls": 0,
      "bonus_rolls": 1,
      "entries": [
        {
          "type": "minecraft:empty",
          "weight": 25
        },
        {
          "name": "minecraft:suspicious_stew",
          "type": "minecraft:item",
          "weight": 47,
          "functions": [
            {
              "function": "minecraft:set_stew_effect",
              "effects": [
                {
                  "type": "minecraft:blindness",
                  "duration": {
                    "min": 10.0,
                    "max": 25.0
                  }
                },
                {
                  "type": "minecraft:levitation",
                  "duration": {
                    "min": 25.0,
                    "max": 55.0
                  }
                },
                {
                  "type": "minecraft:weakness",
                  "duration": {
                    "min": 30.0,
                    "max": 50.0
                  }
                },
                {
                  "type": "minecraft:jump_boost",
                  "duration": {
                    "min": 60.0,
                    "max": 120.0
                  }
                },
                {
                  "type": "minecraft:night_vision",
                  "duration": {
                    "min": 60.0,
                    "max": 120.0
                  }
                },
                {
                  "type": "minecraft:saturation",
                  "duration": {
                    "min": 10.0,
                    "max": 12.0
                  }
                },
                {
                  "type": "minecraft:invisibility",
                  "duration": {
                    "min": 30.0,
                    "max": 120.0
                  }
                },
                {
                  "type": "minecraft:slow_falling",
                  "duration": {
                    "min": 30.0,
                    "max": 120.0
                  }
                },
                {
                  "type": "minecraft:glowing",
                  "duration": {
                    "min": 30.0,
                    "max": 120.0
                  }
                }
              ]
            }
          ]
        },
        {
          "name": "minecraft:firework_star",
          "type": "minecraft:item",
          "weight": 14,
          "functions": [
            {
              "function": "minecraft:set_count",
              "count": 3
            },
            {
              "function": "minecraft:set_firework_explosion",
              "color": [
                8073150
              ],
              "fade_colors": [
                12801229
              ],
              "trail": true,
              "twinkle": true,
              "shape": "star"
            }
          ]
        },
        {
          "name": "minecraft:firework_star",
          "type": "minecraft:item",
          "weight": 14,
          "functions": [
            {
              "function": "minecraft:set_count",
              "count": 3
            },
            {
              "function": "minecraft:set_firework_explosion",
              "color": [
                12801229
              ],
              "fade_colors": [
                8073150
              ],
              "trail": true,
              "twinkle": true,
              "shape": "star"
            }
          ]
        }
      ]
    },
    {
      "rolls": 1,
      "bonus_rolls": 0.0,
      "entries": [
        {
          "type": "minecraft:empty",
          "weight": 5
        },
        {
          "name": "minecraft:coast_armor_trim_smithing_template",
          "type": "minecraft:item",
          "functions": [
            {
              "add": false,
              "count": 2.0,
              "function": "minecraft:set_count"
            }
          ]
        }
      ]
    }
  ]
}