{
  "feature": "repurposed_structures:wells/nether",
  "placement": [
    {
      "type": "repurposed_structures:unlimited_count",
      "count": 0
    },
    {
      "type": "minecraft:rarity_filter",
      "chance": 250
    },
    {
      "type": "minecraft:in_square"
    },
    {
      "type": "minecraft:height_range",
      "height": {
        "type": "minecraft:uniform",
        "max_inclusive": {
          "below_top": 35
        },
        "min_inclusive": {
          "above_bottom": 30
        }
      }
    },
    {
      "type": "repurposed_structures:snap_to_lower_non_air_placement"
    },
    {
      "type": "minecraft:biome"
    }
  ]
}