{
  "type": "minecraft:chest",
  "random_sequence": "repurposed_structures:chests",
  "pools": [
    {
      "rolls": {
        "min": 5.0,
        "max": 9.0,
        "type": "minecraft:uniform"
      },
      "entries": [
        {
          "name": "minecraft:crossbow",
          "type": "minecraft:item",
          "weight": 8,
          "functions": [
            {
              "function": "minecraft:set_damage",
              "damage": {
                "min": 0.4,
                "max": 0.9
              }
            },
            {
              "function": "minecraft:enchant_with_levels",
              "levels": {
                "min": 25.0,
                "max": 39.0,
                "type": "minecraft:uniform"
              },
              "treasure": true
            }
          ]
        },
        {
          "name": "minecraft:bow",
          "type": "minecraft:item",
          "weight": 8,
          "functions": [
            {
              "function": "minecraft:set_damage",
              "damage": {
                "min": 0.4,
                "max": 0.9
              }
            },
            {
              "function": "minecraft:enchant_with_levels",
              "levels": {
                "min": 25.0,
                "max": 39.0,
                "type": "minecraft:uniform"
              },
              "treasure": true
            }
          ]
        },
        {
          "name": "minecraft:diamond_boots",
          "type": "minecraft:item",
          "weight": 2,
          "functions": [
            {
              "function": "minecraft:set_damage",
              "damage": {
                "min": 0.2,
                "max": 0.7
              }
            },
            {
              "function": "minecraft:enchant_with_levels",
              "levels": {
                "min": 10.0,
                "max": 39.0,
                "type": "minecraft:uniform"
              },
              "treasure": true
            }
          ]
        },
        {
          "name": "minecraft:diamond_chestplate",
          "type": "minecraft:item",
          "weight": 2,
          "functions": [
            {
              "function": "minecraft:set_damage",
              "damage": {
                "min": 0.2,
                "max": 0.7
              }
            },
            {
              "function": "minecraft:enchant_with_levels",
              "levels": {
                "min": 10.0,
                "max": 39.0,
                "type": "minecraft:uniform"
              },
              "treasure": true
            }
          ]
        },
        {
          "name": "minecraft:diamond_leggings",
          "type": "minecraft:item",
          "weight": 2,
          "functions": [
            {
              "function": "minecraft:set_damage",
              "damage": {
                "min": 0.2,
                "max": 0.7
              }
            },
            {
              "function": "minecraft:enchant_with_levels",
              "levels": {
                "min": 10.0,
                "max": 39.0,
                "type": "minecraft:uniform"
              },
              "treasure": true
            }
          ]
        },
        {
          "name": "minecraft:diamond_helmet",
          "type": "minecraft:item",
          "weight": 2,
          "functions": [
            {
              "function": "minecraft:set_damage",
              "damage": {
                "min": 0.2,
                "max": 0.7
              }
            },
            {
              "function": "minecraft:enchant_with_levels",
              "levels": {
                "min": 10.0,
                "max": 39.0,
                "type": "minecraft:uniform"
              },
              "treasure": true
            }
          ]
        },
        {
          "name": "minecraft:iron_boots",
          "type": "minecraft:item",
          "weight": 2,
          "functions": [
            {
              "function": "minecraft:set_damage",
              "damage": {
                "min": 0.2,
                "max": 0.8
              }
            },
            {
              "function": "minecraft:enchant_with_levels",
              "levels": {
                "min": 10.0,
                "max": 39.0,
                "type": "minecraft:uniform"
              },
              "treasure": true
            }
          ]
        },
        {
          "name": "minecraft:iron_chestplate",
          "type": "minecraft:item",
          "weight": 2,
          "functions": [
            {
              "function": "minecraft:set_damage",
              "damage": {
                "min": 0.2,
                "max": 0.8
              }
            },
            {
              "function": "minecraft:enchant_with_levels",
              "levels": {
                "min": 10.0,
                "max": 39.0,
                "type": "minecraft:uniform"
              },
              "treasure": true
            }
          ]
        },
        {
          "name": "minecraft:iron_leggings",
          "type": "minecraft:item",
          "weight": 2,
          "functions": [
            {
              "function": "minecraft:set_damage",
              "damage": {
                "min": 0.2,
                "max": 0.8
              }
            },
            {
              "function": "minecraft:enchant_with_levels",
              "levels": {
                "min": 10.0,
                "max": 39.0,
                "type": "minecraft:uniform"
              },
              "treasure": true
            }
          ]
        },
        {
          "name": "minecraft:iron_helmet",
          "type": "minecraft:item",
          "weight": 2,
          "functions": [
            {
              "function": "minecraft:set_damage",
              "damage": {
                "min": 0.2,
                "max": 0.8
              }
            },
            {
              "function": "minecraft:enchant_with_levels",
              "levels": {
                "min": 10.0,
                "max": 39.0,
                "type": "minecraft:uniform"
              },
              "treasure": true
            }
          ]
        },
        {
          "name": "minecraft:diamond_sword",
          "type": "minecraft:item",
          "weight": 1,
          "functions": [
            {
              "function": "minecraft:set_damage",
              "damage": {
                "min": 0.2,
                "max": 0.7
              }
            },
            {
              "function": "minecraft:enchant_with_levels",
              "levels": {
                "min": 10.0,
                "max": 39.0,
                "type": "minecraft:uniform"
              },
              "treasure": true
            }
          ]
        },
        {
          "name": "minecraft:iron_sword",
          "type": "minecraft:item",
          "weight": 1,
          "functions": [
            {
              "function": "minecraft:set_damage",
              "damage": {
                "min": 0.2,
                "max": 0.8
              }
            },
            {
              "function": "minecraft:enchant_with_levels",
              "levels": {
                "min": 10.0,
                "max": 39.0,
                "type": "minecraft:uniform"
              },
              "treasure": true
            }
          ]
        }
      ]
    },
    {
      "rolls": {
        "min": 3.0,
        "max": 6.0,
        "type": "minecraft:uniform"
      },
      "entries": [
        {
          "name": "minecraft:chorus_fruit",
          "type": "minecraft:item",
          "weight": 4,
          "functions": [
            {
              "function": "minecraft:set_count",
              "count": {
                "min": 6.0,
                "max": 18.0,
                "type": "minecraft:uniform"
              }
            }
          ]
        },
        {
          "name": "minecraft:phantom_membrane",
          "type": "minecraft:item",
          "weight": 4,
          "functions": [
            {
              "function": "minecraft:set_count",
              "count": {
                "min": 2.0,
                "max": 8.0,
                "type": "minecraft:uniform"
              }
            }
          ]
        },
        {
          "name": "minecraft:arrow",
          "type": "minecraft:item",
          "weight": 2,
          "functions": [
            {
              "function": "minecraft:set_count",
              "count": {
                "min": 4.0,
                "max": 8.0,
                "type": "minecraft:uniform"
              }
            }
          ]
        },
        {
          "name": "minecraft:tipped_arrow",
          "type": "minecraft:item",
          "weight": 2,
          "functions": [
            {
              "function": "minecraft:set_count",
              "count": {
                "min": 4.0,
                "max": 8.0,
                "type": "minecraft:uniform"
              }
            },
            {
              "function": "minecraft:set_potion",
              "id": "minecraft:strong_healing"
            }
          ]
        },
        {
          "name": "minecraft:diamond",
          "type": "minecraft:item",
          "weight": 2,
          "functions": [
            {
              "function": "minecraft:set_count",
              "count": {
                "min": 2.0,
                "max": 8.0,
                "type": "minecraft:uniform"
              }
            }
          ]
        },
        {
          "name": "minecraft:iron_block",
          "type": "minecraft:item",
          "weight": 1,
          "functions": [
            {
              "function": "minecraft:set_count",
              "count": {
                "min": 2.0,
                "max": 8.0,
                "type": "minecraft:uniform"
              }
            }
          ]
        }
      ]
    },
    {
      "rolls": 1,
      "entries": [
        {
          "name": "minecraft:crossbow",
          "type": "minecraft:item",
          "weight": 1,
          "functions": [
            {
              "function": "minecraft:set_damage",
              "damage": {
                "min": 0.1,
                "max": 0.8
              }
            },
            {
              "function": "minecraft:enchant_with_levels",
              "levels": {
                "min": 10.0,
                "max": 35.0,
                "type": "minecraft:uniform"
              },
              "treasure": true
            }
          ]
        },
        {
          "name": "minecraft:bow",
          "type": "minecraft:item",
          "weight": 2,
          "functions": [
            {
              "function": "minecraft:set_damage",
              "damage": {
                "min": 0.1,
                "max": 0.8
              }
            },
            {
              "function": "minecraft:enchant_with_levels",
              "levels": {
                "min": 10.0,
                "max": 35.0,
                "type": "minecraft:uniform"
              },
              "treasure": true
            }
          ]
        }
      ]
    },
    {
      "rolls": {
        "min": 1.0,
        "max": 3.0,
        "type": "minecraft:uniform"
      },
      "entries": [
        {
          "name": "minecraft:arrow",
          "type": "minecraft:item",
          "weight": 9,
          "functions": [
            {
              "function": "minecraft:set_count",
              "count": {
                "min": 7.0,
                "max": 15.0,
                "type": "minecraft:uniform"
              }
            }
          ]
        },
        {
          "name": "minecraft:tipped_arrow",
          "type": "minecraft:item",
          "weight": 9,
          "functions": [
            {
              "function": "minecraft:set_count",
              "count": {
                "min": 7.0,
                "max": 15.0,
                "type": "minecraft:uniform"
              }
            },
            {
              "function": "minecraft:set_potion",
              "id": "minecraft:strong_healing"
            }
          ]
        }
      ]
    },
    {
      "rolls": 1,
      "bonus_rolls": 0.0,
      "entries": [
        {
          "type": "minecraft:empty",
          "weight": 3
        },
        {
          "name": "minecraft:map",
          "type": "minecraft:item",
          "weight": 1,
          "functions": [
            {
              "function": "minecraft:exploration_map",
              "destination": "repurposed_structures:explorer_maps/ancient_city_end",
              "decoration": "monument",
              "zoom": 2,
              "skip_existing_chunks": false
            },
            {
              "function": "minecraft:set_name",
              "name": {
                "translate": "End Ancient City Map"
              }
            }
          ]
        },
        {
          "name": "minecraft:sentry_armor_trim_smithing_template",
          "type": "minecraft:item",
          "weight": 1,
          "functions": [
            {
              "add": false,
              "count": 2.0,
              "function": "minecraft:set_count"
            }
          ]
        }
      ]
    },
    {
      "rolls": 1,
      "entries": [
        {
          "type": "minecraft:loot_table",
          "value": "repurposed_structures:chests/lucky_pool"
        }
      ]
    },
    {
      "rolls": 0,
      "bonus_rolls": 1,
      "entries": [
        {
          "type": "minecraft:empty",
          "weight": 130
        },
        {
          "name": "minecraft:black_banner",
          "type": "minecraft:item",
          "weight": 30,
          "functions": [
            {
              "function": "minecraft:set_banner_pattern",
              "append": true,
              "patterns": [
                {
                  "pattern": "minecraft:gradient_up",
                  "color": "magenta"
                },
                {
                  "pattern": "minecraft:gradient",
                  "color": "purple"
                },
                {
                  "pattern": "minecraft:triangle_bottom",
                  "color": "magenta"
                },
                {
                  "pattern": "minecraft:triangle_top",
                  "color": "purple"
                },
                {
                  "pattern": "minecraft:stripe_middle",
                  "color": "black"
                },
                {
                  "pattern": "minecraft:triangles_bottom",
                  "color": "black"
                },
                {
                  "pattern": "minecraft:triangles_top",
                  "color": "black"
                },
                {
                  "pattern": "minecraft:rhombus",
                  "color": "black"
                },
                {
                  "pattern": "minecraft:flower",
                  "color": "purple"
                },
                {
                  "pattern": "minecraft:flower",
                  "color": "magenta"
                },
                {
                  "pattern": "minecraft:flower",
                  "color": "black"
                },
                {
                  "pattern": "minecraft:straight_cross",
                  "color": "black"
                }
              ]
            }
          ]
        },
        {
          "name": "minecraft:experience_bottle",
          "type": "minecraft:item",
          "weight": 12,
          "functions": [
            {
              "function": "minecraft:set_count",
              "count": 2
            }
          ]
        }
      ]
    }
  ]
}